[
  { "suburb": "Richmond", "state": "VIC", "postcode": "3121" },
  { "suburb": "Fitzroy", "state": "VIC", "postcode": "3065" },
  { "suburb": "Carlton", "state": "VIC", "postcode": "3053" },
  { "suburb": "South Yarra", "state": "VIC", "postcode": "3141" },
  { "suburb": "St Kilda", "state": "VIC", "postcode": "3182" },
  { "suburb": "Collingwood", "state": "VIC", "postcode": "3066" },
  { "suburb": "Brunswick", "state": "VIC", "postcode": "3056" },
  { "suburb": "Prahran", "state": "VIC", "postcode": "3181" },
  { "suburb": "Northcote", "state": "VIC", "postcode": "3070" },
  { "suburb": "Hawthorn", "state": "VIC", "postcode": "3122" },
  { "suburb": "Kew", "state": "VIC", "postcode": "3101" },
  { "suburb": "Glen Waverley", "state": "VIC", "postcode": "3150" },
  { "suburb": "Box Hill", "state": "VIC", "postcode": "3128" },
  { "suburb": "Dandenong", "state": "VIC", "postcode": "3175" },
  { "suburb": "Frankston", "state": "VIC", "postcode": "3199" },
  { "suburb": "Geelong", "state": "VIC", "postcode": "3220" },
  { "suburb": "Ballarat", "state": "VIC", "postcode": "3350" },
  { "suburb": "Bendigo", "state": "VIC", "postcode": "3550" },
  { "suburb": "Sydney", "state": "NSW", "postcode": "2000" },
  { "suburb": "Parramatta", "state": "NSW", "postcode": "2150" },
  { "suburb": "Bondi", "state": "NSW", "postcode": "2026" },
  { "suburb": "Manly", "state": "NSW", "postcode": "2095" },
  { "suburb": "Newcastle", "state": "NSW", "postcode": "2300" },
  { "suburb": "Wollongong", "state": "NSW", "postcode": "2500" },
  { "suburb": "Penrith", "state": "NSW", "postcode": "2750" },
  { "suburb": "Blacktown", "state": "NSW", "postcode": "2148" },
  { "suburb": "Liverpool", "state": "NSW", "postcode": "2170" },
  { "suburb": "Campbelltown", "state": "NSW", "postcode": "2560" },
  { "suburb": "Sutherland", "state": "NSW", "postcode": "2232" },
  { "suburb": "Hornsby", "state": "NSW", "postcode": "2077" },
  { "suburb": "Chatswood", "state": "NSW", "postcode": "2067" },
  { "suburb": "North Sydney", "state": "NSW", "postcode": "2060" },
  { "suburb": "Brisbane", "state": "QLD", "postcode": "4000" },
  { "suburb": "Gold Coast", "state": "QLD", "postcode": "4217" },
  { "suburb": "Sunshine Coast", "state": "QLD", "postcode": "4558" },
  { "suburb": "Toowoomba", "state": "QLD", "postcode": "4350" },
  { "suburb": "Townsville", "state": "QLD", "postcode": "4810" },
  { "suburb": "Cairns", "state": "QLD", "postcode": "4870" },
  { "suburb": "Ipswich", "state": "QLD", "postcode": "4305" },
  { "suburb": "Logan", "state": "QLD", "postcode": "4114" },
  { "suburb": "Adelaide", "state": "SA", "postcode": "5000" },
  { "suburb": "Glenelg", "state": "SA", "postcode": "5045" },
  { "suburb": "Mount Barker", "state": "SA", "postcode": "5251" },
  { "suburb": "Salisbury", "state": "SA", "postcode": "5108" },
  { "suburb": "Perth", "state": "WA", "postcode": "6000" },
  { "suburb": "Fremantle", "state": "WA", "postcode": "6160" },
  { "suburb": "Joondalup", "state": "WA", "postcode": "6027" },
  { "suburb": "Mandurah", "state": "WA", "postcode": "6210" },
  { "suburb": "Bunbury", "state": "WA", "postcode": "6230" },
  { "suburb": "Hobart", "state": "TAS", "postcode": "7000" },
  { "suburb": "Launceston", "state": "TAS", "postcode": "7250" },
  { "suburb": "Burnie", "state": "TAS", "postcode": "7320" },
  { "suburb": "Darwin", "state": "NT", "postcode": "0800" },
  { "suburb": "Palmerston", "state": "NT", "postcode": "0830" },
  { "suburb": "Alice Springs", "state": "NT", "postcode": "0870" },
  { "suburb": "Canberra", "state": "ACT", "postcode": "2600" },
  { "suburb": "Belconnen", "state": "ACT", "postcode": "2617" },
  { "suburb": "Tuggeranong", "state": "ACT", "postcode": "2900" },
  { "suburb": "Gungahlin", "state": "ACT", "postcode": "2912" },
  { "suburb": "Melbourne", "state": "VIC", "postcode": "3000" },
  { "suburb": "Docklands", "state": "VIC", "postcode": "3008" },
  { "suburb": "Footscray", "state": "VIC", "postcode": "3011" },
  { "suburb": "Essendon", "state": "VIC", "postcode": "3040" },
  { "suburb": "Preston", "state": "VIC", "postcode": "3072" },
  { "suburb": "Reservoir", "state": "VIC", "postcode": "3073" },
  { "suburb": "South Morang", "state": "VIC", "postcode": "3752" },
  { "suburb": "Mill Park", "state": "VIC", "postcode": "3082" },
  { "suburb": "Epping", "state": "VIC", "postcode": "3076" },
  { "suburb": "Thomastown", "state": "VIC", "postcode": "3074" },
  { "suburb": "Bundoora", "state": "VIC", "postcode": "3083" },
  { "suburb": "Lalor", "state": "VIC", "postcode": "3075" },
  { "suburb": "Thornbury", "state": "VIC", "postcode": "3071" },
  { "suburb": "Coburg", "state": "VIC", "postcode": "3058" },
  { "suburb": "Moonee Ponds", "state": "VIC", "postcode": "3039" },
  { "suburb": "Yarraville", "state": "VIC", "postcode": "3013" },
  { "suburb": "Williamstown", "state": "VIC", "postcode": "3016" },
  { "suburb": "Port Melbourne", "state": "VIC", "postcode": "3207" },
  { "suburb": "Albert Park", "state": "VIC", "postcode": "3206" },
  { "suburb": "Middle Park", "state": "VIC", "postcode": "3206" },
  { "suburb": "Elwood", "state": "VIC", "postcode": "3184" },
  { "suburb": "Brighton", "state": "VIC", "postcode": "3186" },
  { "suburb": "Hampton", "state": "VIC", "postcode": "3188" },
  { "suburb": "Sandringham", "state": "VIC", "postcode": "3191" },
  { "suburb": "Cheltenham", "state": "VIC", "postcode": "3192" },
  { "suburb": "Mentone", "state": "VIC", "postcode": "3194" },
  { "suburb": "Mordialloc", "state": "VIC", "postcode": "3195" },
  { "suburb": "Oakleigh", "state": "VIC", "postcode": "3166" },
  { "suburb": "Chadstone", "state": "VIC", "postcode": "3148" },
  { "suburb": "Clayton", "state": "VIC", "postcode": "3168" },
  { "suburb": "Springvale", "state": "VIC", "postcode": "3171" },
  { "suburb": "Noble Park", "state": "VIC", "postcode": "3174" },
  { "suburb": "Ringwood", "state": "VIC", "postcode": "3134" },
  { "suburb": "Croydon", "state": "VIC", "postcode": "3136" },
  { "suburb": "Lilydale", "state": "VIC", "postcode": "3140" },
  { "suburb": "Ferntree Gully", "state": "VIC", "postcode": "3156" },
  { "suburb": "Boronia", "state": "VIC", "postcode": "3155" },
  { "suburb": "Belgrave", "state": "VIC", "postcode": "3160" },
  { "suburb": "Pakenham", "state": "VIC", "postcode": "3810" },
  { "suburb": "Berwick", "state": "VIC", "postcode": "3806" },
  { "suburb": "Cranbourne", "state": "VIC", "postcode": "3977" },
  { "suburb": "Narre Warren", "state": "VIC", "postcode": "3805" }
]
